{
  "scale": -5.8135199651587754e-05,
  "shift": 4.148639678955078,
  "num_pixels": 256508,
  "rmse_before": 41108.9765625,
  "rmse_after": 0.5488574504852295,
  "robust": false
}